{
    "cell_width": 24,
    "cell_height": 24,
    "image_width": 384,
    "image_height": 144,
    "char_data": {
        " ": {
            "x": 0,
            "y": 0,
            "width": 12,
            "height": 0
        },
        "!": {
            "x": 24,
            "y": 0,
            "width": 12,
            "height": 15
        },
        "\"": {
            "x": 48,
            "y": 0,
            "width": 12,
            "height": 15
        },
        "#": {
            "x": 72,
            "y": 0,
            "width": 12,
            "height": 15
        },
        "$": {
            "x": 96,
            "y": 0,
            "width": 12,
            "height": 18
        },
        "%": {
            "x": 120,
            "y": 0,
            "width": 12,
            "height": 15
        },
        "&": {
            "x": 144,
            "y": 0,
            "width": 12,
            "height": 15
        },
        "'": {
            "x": 168,
            "y": 0,
            "width": 12,
            "height": 15
        },
        "(": {
            "x": 192,
            "y": 0,
            "width": 12,
            "height": 18
        },
        ")": {
            "x": 216,
            "y": 0,
            "width": 12,
            "height": 18
        },
        "*": {
            "x": 240,
            "y": 0,
            "width": 12,
            "height": 15
        },
        "+": {
            "x": 264,
            "y": 0,
            "width": 12,
            "height": 11
        },
        ",": {
            "x": 288,
            "y": 0,
            "width": 12,
            "height": 6
        },
        "-": {
            "x": 312,
            "y": 0,
            "width": 12,
            "height": 7
        },
        ".": {
            "x": 336,
            "y": 0,
            "width": 12,
            "height": 3
        },
        "/": {
            "x": 360,
            "y": 0,
            "width": 12,
            "height": 16
        },
        "0": {
            "x": 0,
            "y": 24,
            "width": 12,
            "height": 15
        },
        "1": {
            "x": 24,
            "y": 24,
            "width": 12,
            "height": 15
        },
        "2": {
            "x": 48,
            "y": 24,
            "width": 12,
            "height": 15
        },
        "3": {
            "x": 72,
            "y": 24,
            "width": 12,
            "height": 15
        },
        "4": {
            "x": 96,
            "y": 24,
            "width": 12,
            "height": 15
        },
        "5": {
            "x": 120,
            "y": 24,
            "width": 12,
            "height": 15
        },
        "6": {
            "x": 144,
            "y": 24,
            "width": 12,
            "height": 15
        },
        "7": {
            "x": 168,
            "y": 24,
            "width": 12,
            "height": 15
        },
        "8": {
            "x": 192,
            "y": 24,
            "width": 12,
            "height": 15
        },
        "9": {
            "x": 216,
            "y": 24,
            "width": 12,
            "height": 15
        },
        ":": {
            "x": 240,
            "y": 24,
            "width": 12,
            "height": 10
        },
        ";": {
            "x": 264,
            "y": 24,
            "width": 12,
            "height": 13
        },
        "<": {
            "x": 288,
            "y": 24,
            "width": 12,
            "height": 11
        },
        "=": {
            "x": 312,
            "y": 24,
            "width": 12,
            "height": 9
        },
        ">": {
            "x": 336,
            "y": 24,
            "width": 12,
            "height": 11
        },
        "?": {
            "x": 360,
            "y": 24,
            "width": 12,
            "height": 15
        },
        "@": {
            "x": 0,
            "y": 48,
            "width": 12,
            "height": 17
        },
        "A": {
            "x": 24,
            "y": 48,
            "width": 12,
            "height": 15
        },
        "B": {
            "x": 48,
            "y": 48,
            "width": 12,
            "height": 15
        },
        "C": {
            "x": 72,
            "y": 48,
            "width": 12,
            "height": 15
        },
        "D": {
            "x": 96,
            "y": 48,
            "width": 12,
            "height": 15
        },
        "E": {
            "x": 120,
            "y": 48,
            "width": 12,
            "height": 15
        },
        "F": {
            "x": 144,
            "y": 48,
            "width": 12,
            "height": 15
        },
        "G": {
            "x": 168,
            "y": 48,
            "width": 12,
            "height": 15
        },
        "H": {
            "x": 192,
            "y": 48,
            "width": 12,
            "height": 15
        },
        "I": {
            "x": 216,
            "y": 48,
            "width": 12,
            "height": 15
        },
        "J": {
            "x": 240,
            "y": 48,
            "width": 12,
            "height": 15
        },
        "K": {
            "x": 264,
            "y": 48,
            "width": 12,
            "height": 15
        },
        "L": {
            "x": 288,
            "y": 48,
            "width": 12,
            "height": 15
        },
        "M": {
            "x": 312,
            "y": 48,
            "width": 12,
            "height": 15
        },
        "N": {
            "x": 336,
            "y": 48,
            "width": 12,
            "height": 15
        },
        "O": {
            "x": 360,
            "y": 48,
            "width": 12,
            "height": 15
        },
        "P": {
            "x": 0,
            "y": 72,
            "width": 12,
            "height": 15
        },
        "Q": {
            "x": 24,
            "y": 72,
            "width": 12,
            "height": 18
        },
        "R": {
            "x": 48,
            "y": 72,
            "width": 13,
            "height": 15
        },
        "S": {
            "x": 72,
            "y": 72,
            "width": 12,
            "height": 15
        },
        "T": {
            "x": 96,
            "y": 72,
            "width": 12,
            "height": 15
        },
        "U": {
            "x": 120,
            "y": 72,
            "width": 12,
            "height": 15
        },
        "V": {
            "x": 144,
            "y": 72,
            "width": 12,
            "height": 15
        },
        "W": {
            "x": 168,
            "y": 72,
            "width": 13,
            "height": 15
        },
        "X": {
            "x": 192,
            "y": 72,
            "width": 12,
            "height": 15
        },
        "Y": {
            "x": 216,
            "y": 72,
            "width": 12,
            "height": 15
        },
        "Z": {
            "x": 240,
            "y": 72,
            "width": 12,
            "height": 15
        },
        "[": {
            "x": 264,
            "y": 72,
            "width": 12,
            "height": 18
        },
        "\\": {
            "x": 288,
            "y": 72,
            "width": 12,
            "height": 16
        },
        "]": {
            "x": 312,
            "y": 72,
            "width": 12,
            "height": 18
        },
        "^": {
            "x": 336,
            "y": 72,
            "width": 12,
            "height": 15
        },
        "_": {
            "x": 360,
            "y": 72,
            "width": 13,
            "height": 5
        },
        "`": {
            "x": 0,
            "y": 96,
            "width": 12,
            "height": 16
        },
        "a": {
            "x": 24,
            "y": 96,
            "width": 12,
            "height": 11
        },
        "b": {
            "x": 48,
            "y": 96,
            "width": 12,
            "height": 15
        },
        "c": {
            "x": 72,
            "y": 96,
            "width": 12,
            "height": 11
        },
        "d": {
            "x": 96,
            "y": 96,
            "width": 12,
            "height": 15
        },
        "e": {
            "x": 120,
            "y": 96,
            "width": 12,
            "height": 11
        },
        "f": {
            "x": 144,
            "y": 96,
            "width": 12,
            "height": 15
        },
        "g": {
            "x": 168,
            "y": 96,
            "width": 12,
            "height": 15
        },
        "h": {
            "x": 192,
            "y": 96,
            "width": 12,
            "height": 15
        },
        "i": {
            "x": 216,
            "y": 96,
            "width": 12,
            "height": 15
        },
        "j": {
            "x": 240,
            "y": 96,
            "width": 12,
            "height": 19
        },
        "k": {
            "x": 264,
            "y": 96,
            "width": 12,
            "height": 15
        },
        "l": {
            "x": 288,
            "y": 96,
            "width": 12,
            "height": 15
        },
        "m": {
            "x": 312,
            "y": 96,
            "width": 12,
            "height": 11
        },
        "n": {
            "x": 336,
            "y": 96,
            "width": 12,
            "height": 11
        },
        "o": {
            "x": 360,
            "y": 96,
            "width": 12,
            "height": 11
        },
        "p": {
            "x": 0,
            "y": 120,
            "width": 12,
            "height": 15
        },
        "q": {
            "x": 24,
            "y": 120,
            "width": 12,
            "height": 15
        },
        "r": {
            "x": 48,
            "y": 120,
            "width": 12,
            "height": 11
        },
        "s": {
            "x": 72,
            "y": 120,
            "width": 12,
            "height": 11
        },
        "t": {
            "x": 96,
            "y": 120,
            "width": 12,
            "height": 14
        },
        "u": {
            "x": 120,
            "y": 120,
            "width": 12,
            "height": 11
        },
        "v": {
            "x": 144,
            "y": 120,
            "width": 12,
            "height": 11
        },
        "w": {
            "x": 168,
            "y": 120,
            "width": 13,
            "height": 11
        },
        "x": {
            "x": 192,
            "y": 120,
            "width": 12,
            "height": 11
        },
        "y": {
            "x": 216,
            "y": 120,
            "width": 12,
            "height": 15
        },
        "z": {
            "x": 240,
            "y": 120,
            "width": 12,
            "height": 11
        },
        "{": {
            "x": 264,
            "y": 120,
            "width": 12,
            "height": 18
        },
        "|": {
            "x": 288,
            "y": 120,
            "width": 12,
            "height": 20
        },
        "}": {
            "x": 312,
            "y": 120,
            "width": 12,
            "height": 18
        },
        "~": {
            "x": 336,
            "y": 120,
            "width": 12,
            "height": 8
        }
    }
}